oa-01,2026-09-27,American Express Bakery,Bakery,"Bandra West, Mumbai (also Byculla and Santacruz West)","Has a Wix website; menu is images only, no online ordering","On americanexpressbakery.com/menu the full menu is three JPG photos (""AEB Full Menu v2 1-3.jpg"") with no text prices, and ordering is only by phone or email.",americanexpressbakery@gmail.com,https://www.americanexpressbakery.com/menu,drafted,,,,"Family bakery since 1908, three branches; email also on its Facebook About page"
oa-02,2026-09-27,Leopold Cafe & Bar,Cafe and bar,"Colaba, Mumbai",Down (leopoldcafe.com returns HTTP 410; HTTPS certificate name mismatch),"leopoldcafe.com, the website listed on Leopold's Facebook page, returns a ""410 - It is gone"" error page and its https:// version fails with a certificate name mismatch; the only working site is a LimeTray ordering subdomain.",leopoldcafe@gmail.com,https://leopoldcafe.limetray.com/locate-us,drafted,,,,Page lists info@leopoldcafe.com and leopoldcafe@gmail.com; chose the gmail address because the leopoldcafe.com domain is not serving a site
oa-03,2026-09-27,Pink Nails,Nail salon,"Bandra West, Mumbai","Has a website; no prices, no written address, old indexed page returns 404","pinknails.in/services.html lists about 50 services with no prices, the contact page has only a map link and no written address, and the old page pinknails.in/nail-art-mumbai.html that still appears in search results now returns 404.",pinknails2020@gmail.com,https://www.pinknails.in/contact.html,drafted,,,,"Site runs a Google Ads tag, so lost search/ad visitors matter"
oa-04,2026-09-27,Kaizo Salon N Spa,Salon and spa,"Ghatkopar East, Mumbai (also Chembur and Bandra West)",Down (listed domain kaizosalon.in does not exist; old domain redirects to a gambling site),"Kaizo's Facebook page lists kaizosalon.in, which returns NXDOMAIN (no such domain), and the older kaizosalonnspa.com still linked on LBB now redirects to an unrelated online-slots website.",kaizosalonspa@gmail.com,https://www.facebook.com/KaizoSalonNSpa/about,drafted,,,,Independent salon with three Mumbai branches (not a franchise). LBB shows an older address kaizospa@gmail.com; used the one on the salon's own Facebook page
oa-05,2026-09-27,Happy in the Head,Hair salon,"Bandra West, Mumbai",None (Facebook and Instagram only),"Happy in the Head's Facebook About page lists a phone, WhatsApp and email but no website, and searching for the salon only returns directories and blog reviews, so there is nowhere to see services, prices or stylists.",happyintheheadstudio@gmail.com,https://www.facebook.com/HappyintheHead/about,drafted,,,,
oa-06,2026-09-27,Cafe Mondegar,Cafe and bar,"Colaba, Mumbai","None (Facebook, Instagram and Zomato only)","Cafe Mondegar's Facebook About page lists no website and its Instagram profile has no link, so the menu and hours are only on third-party apps like Zomato.",cafemondegar@gmail.com,https://www.facebook.com/cafemondegarofficial/about,drafted,,,,"cafemondegar.com returns 403 with a blank page and is not linked from the cafe's own profiles, so treated as no website"
oa-07,2026-09-27,Fuss Pot,Clothing boutique,"Khar West, Mumbai","Down (fusspot.in shows Shopify ""Store unavailable"", HTTP 402)","Fuss Pot's Facebook page lists fusspot.in as its website, but the domain shows a Shopify ""Store unavailable"" page (HTTP 402) instead of the shop.",fusspotmumbai@gmail.com,https://www.facebook.com/fusspot.clothing/about,drafted,,,,
oa-08,2026-09-27,Salt by Flavia,Bakery,"Cuffe Parade, Mumbai",Has a Wix website; menu page is empty and redirects visitors to Zomato,"On saltbyflavia.com the Menu page sits at the unrenamed address /blank and lists no items, telling visitors to ""Head to Zomato for our complete, current menu""; the bestsellers show no prices.",help@saltbyflavia.com,https://www.saltbyflavia.com/blank,drafted,,,,Facebook About page lists saltbyflavia@gmail.com; used help@ from the website contact block
oa-09,2026-09-27,Hair Castle,Hair salon,"Ghatkopar East, Mumbai (also Dombivli)","Has a website; prices only in a 1.9 MB PDF, offers only as images, no enquiry form","On haircastle.in the Rate Card page only links a 1.9 MB PDF, the Ongoing Offers page shows offers only as images, there is no email or enquiry form on the site, and the footer still reads ""(c) 2020"".",hm.haircastle@gmail.com,https://www.facebook.com/HM.Haircastle/about,drafted,,,,Two-branch independent salon; site also shows two different Ghatkopar addresses
oa-10,2026-09-27,Candies,Cafe and bakery,"Pali Hill, Bandra West, Mumbai",Not mobile-friendly (no viewport tag; renders 990px wide on a 390px phone),"candiescafe.com has no mobile viewport tag, so on a 390px phone the page renders 990px wide and needs sideways scrolling; the menu is images, ""The Buzz"" page says ""Page Coming Soon....."" and the footer reads (c) 2014.",marketing@candiescafe.in,https://www.candiescafe.com/contact_us.php,drafted,,,,Independent Bandra cafe with three branches; same email on its Facebook About page
oa-11,2026-09-27,Bawa Zest by Cheron,Parsi cafe and caterer,"Hill Road, Bandra West, Mumbai",Down (bawazest.in fails DNS lookup),"Bawa Zest's Facebook page lists bawazest.in as its website, but the domain does not resolve (DNS returns SERVFAIL; its name servers refuse the query), so the link gives a browser error.",cheron.caterers@gmail.com,https://www.facebook.com/bawazestcheron/about,drafted,,,,
oa-12,2026-09-27,She Salon (She Studio Salon),Salon,"Borivali West, Mumbai",Down (listed domain shesalon.in no longer exists),"She Salon's Facebook page lists https://shesalon.in/ as its website, but the domain returns NXDOMAIN (not registered), so the link is dead.",shestudiosalon@gmail.com,https://www.facebook.com/SheStudioSalon/about,drafted,,,,
oa-13,2026-09-27,Cafe Mavs (Mavs Cakes and Bakes),Cafe and cake shop,"Ranwar, Bandra West, Mumbai","None (Facebook, Instagram and Zomato only)","Cafe Mavs' Facebook About page lists only its Instagram, and the Instagram bio has no website link, so custom-cake customers have no page showing flavours, sizes or how to order.",mavscakesandbakes@gmail.com,https://www.facebook.com/mavscakesandbakes/about,drafted,,,,
