ob-01,2026-09-27,The Rukh Studio,Interior designer,"Mahim West, Mumbai",Live (Wix); footer email link points to a template placeholder,"On therukhstudio.com the footer text 'Email Id : therukhstudio@gmail.com' is linked to mailto:info@mysite.com, the Wix placeholder address, so tapping it addresses the enquiry to the wrong inbox.",therukhstudio@gmail.com,https://www.therukhstudio.com/,drafted,,,,
ob-02,2026-09-27,A P Nagpal & Company,Chartered accountancy practice,"Vile Parle East, Mumbai","Live but not mobile-friendly (no viewport meta, 1138px-wide layout on a 390px phone); outdated content","The nagpalandco.com home page has no mobile viewport tag and renders as a shrunken desktop table on a phone, and its 'Latest Updates' box still shows 'Coming Soon...' and the Union Budget 2013-14 highlights.",info@nagpalandco.com,https://nagpalandco.com/,drafted,,,,
ob-03,2026-09-27,Dental Recharge,Dental clinic,"Parel, Mumbai",Domain redirects to a temporary hosting address,"Opening dentalrecharge.com returns a 301 redirect to https://mtc.upa.mybluehostin.me/ (a Bluehost temporary URL), and every menu link on the site points to that temporary address.",info@dentalrecharge.com,https://dentalrecharge.com/,drafted,,,,
ob-04,2026-09-27,Vidhyashala Academy,Coaching classes,"Mulund West and Ghatkopar East, Mumbai",Live; contact form cannot submit; certificate error on the non-www address,"The contact form on vidhyashalaacademy.com/contact.html posts to contact.php, but the site is hosted on GitHub Pages, which returned HTTP 405 for that script; https://vidhyashalaacademy.com (without www) also serves a *.github.io certificate, causing a browser warning.",vidhyashalaacademy@gmail.com,https://www.vidhyashalaacademy.com/,drafted,,,,
ob-05,2026-09-27,REACH (Centre for Remedial Education),NGO / remedial education centre,"Vile Parle West, Mumbai",Live; admissions information out of date; no enquiry form,"The page reach-sre.org/admissions/ presents its main content as a poster image reading 'School Admission 2025-26' and has no form, so parents cannot see current admissions status or request a callback online.",reach2002@gmail.com,https://reach-sre.org/admissions/,drafted,,,,
ob-06,2026-09-27,HM Classes,Coaching classes,"Malad West, Mumbai",Live (WordPress); spam post and default template post published,"hmclasses.in publishes the default WordPress 'Hello world!' post and a post titled 'kms activator windows 10 ... 2024 Guide' (pirated Windows activation), both listed in the site's own posts feed.",hmclassesmehta@gmail.com,https://hmclasses.in/contact-us/,drafted,,,,
ob-07,2026-09-27,Thakkar Decorators,Event planner and decorator,"Kandivali West, Mumbai",Live; contact details incorrect,"On thakkardecorators.com the second phone number is displayed as 750-668-4656 but its tap-to-call link dials 7506684658, and the address gives PIN 400006 for Kandivali West (which is 400067).",thakkar.decorators@gmail.com,https://thakkardecorators.com/,drafted,,,,
ob-08,2026-09-27,Physio-Wellness Clinic (Dr. Priyanka Sukthankar),Physiotherapy clinic,"Andheri East, Mumbai",Live (builder template); no street address listed,"physiotherapyinandheri.in lists the location only as 'Mumbai, India, 400093' with an 080 forwarding number and no street address or map; clinic hours appear only inside the doctor profile.",physiopriyanka0710@gmail.com,https://physiotherapyinandheri.in/,drafted,,,,
ob-09,2026-09-27,Om Datta Dental Clinic,Dental clinic,"Ghatkopar West, Mumbai",Live; template placeholder text on contact page,"The 'Get In Touch!' section of omdattadentalclinic.com/contact-us.php reads 'We are specialists in economics and information technologies and we apply full range of talent to creating perfect solution for each client', leftover sample text from the template.",omdattadentalclinic@gmail.com,https://omdattadentalclinic.com/contact-us.php,drafted,,,,
ob-10,2026-09-27,Pixelnicstudio,Photographer (maternity and baby),Mumbai (no studio area listed on site),Live; no enquiry form; footer dated 2019,"pixelnicstudio.com/contact-us/ offers only two phone numbers (with a note that the team may be travelling) and an email address, has no enquiry form, and the footer reads 'Copyright 2019- Pixelnicstudio'.",studiopixelnic@gmail.com,https://pixelnicstudio.com/contact-us/,drafted,,,,
ob-11,2026-09-27,the CORE studio,Commercial photographer,Mumbai (no studio area listed on site),Live (Wix); no enquiry form; footer dated 2019,On thecorestudio.in the only contact route is a single footer line with an email and two mobile numbers; there is no brief or enquiry form and the footer reads '(c) the CORE studio 2019'.,thecorestudio.sa@gmail.com,https://www.thecorestudio.in/,drafted,,,,
ob-12,2026-09-27,Mewe Designs,Interior designer,"Malad East, Mumbai",Live; debug error pages exposed to visitors,"Opening mewedesigns.com/projects returns Django's technical debug page (DoesNotExist traceback, HTTP 500) instead of a normal not-found page, showing that debug mode is on in production.",Mewedesigns22@gmail.com,https://mewedesigns.com/,drafted,,,,
