oc-01,2026-09-27,Warm Baker's World,"Home baker (cakes, brownies, donuts)","Gorai 2, Borivali West, Mumbai",Has a free template site on a netlify.app subdomain; template placeholder text still live,"On warmbakersworld.netlify.app/about the text reads ""a passionate home baker based in [Borivali,Mumbai]"" with the template brackets still in, and the site's meta description and keywords are still ""Free HTML Templates""; the home page menu button opens a PDF.",warmbakersworld@gmail.com,https://warmbakersworld.netlify.app/contact,drafted,,,,Home baker run by Reshma Naik (About page); email also in site header and contact form (formsubmit.co)
oc-02,2026-09-27,Classic Pure Veg Restaurant,"Pure veg restaurant with banquet space (Borivali, Malad and Andheri branches)","Shankheshwar Nagar, Borivali East, Mumbai","Has a website; menu only as an embedded flipbook, broken link, repeated template copy","On classicpureveg.com the Borivali menu pages (borivaliAcMenu.html, borivaliNonAcMenu.html) only embed an AnyFlip flipbook with no text menu, the home page ""discover more"" button links to about.html which returns 404, and the Banquet space, Corporate Events and Birthday parties cards repeat the same fine-dining paragraph.",classicpureveg@gmail.com,https://classicpureveg.com/Borivali.html,drafted,,,,"Small local group with Borivali, Malad and Andheri branches; Borivali branch address is Borivali East"
oc-03,2026-09-27,Western Tadka,Pure vegetarian and Jain restaurant,"Shimpoli, Borivali West, Mumbai",Domain taken over (westerntadka.com now serves an unrelated gambling page),"westerntadka.com, still indexed in search as ""Western Tadka - Pure Vegetarian & Jain Restaurant | Borivali, Mumbai"", now loads an Indonesian-language page titled ""RAJA88 X Westerntadka: Direktori Game ..."", and westerntadka.com/menu/indian returns 404.",westerntadkaborivali@gmail.com,https://www.facebook.com/p/WesternTadkaMumbai-100085296827165/,drafted,,,,Domain now serves a RAJA88 gambling page; email and phone 073044 77323 from Facebook page Contact info
oc-04,2026-09-27,Aaaaaha,Cake and cupcake shop,"Marve Road, Malad West, Mumbai",Domain lapsed (aaaaaha.in redirects to unrelated betting sites),"The website linked on Aaaaaha's Facebook page, aaaaaha.in, redirects to 77betthai.co (a Cloudflare-blocked betting site) and www.aaaaaha.in redirects to slotgalaxy.store, a Vietnamese slot-game page.",aaaaahafoods@gmail.com,https://www.facebook.com/aaaaaha.in/,drafted,,,,"Domain lapsed and redirects to betting/slot sites; Magicpin also lists F4 Sej Plaza, Marve Road"
oc-05,2026-09-27,The Burrow Cafe,Cafe (all-day breakfast),"Sunder Lane, Orlem, Malad West, Mumbai",Down (linked Google Business Profile site returns 404),"The website linked on The Burrow Cafe's Facebook page, theburrowcafe.business.site, returns Google's ""404. That's an error"" page because Google shut down Business Profile websites in 2024; no other website exists.",theburrowmumbai@gmail.com,https://www.facebook.com/TheBurrowMumbai/,drafted,,,,Alice in Wonderland themed breakfast cafe (LBB); Facebook website link is a retired Google business.site
oc-06,2026-09-27,The Ocean Baking Beauties (The Ocean Cake Shop),Cake shop (celebration and wedding cakes),"Mahavir Nagar, Kandivali West, Mumbai","None (Facebook, Zomato, JustDial and WeddingWire listings only)","The Facebook page lists only a phone number and email with no website link, and the business appears online only through Zomato, JustDial, WeddingWire and VenueLook listings; theoceancake.com and theoceancake.in do not resolve.",theoceancake@gmail.com,https://www.facebook.com/theoceancake/,drafted,,,,Also listed as The Ocean Cake Shop on Zomato/TripAdvisor; phone +91 99307 71849
oc-07,2026-09-27,The Green Door,"Restaurant (North Indian, Chinese, Continental)","SV Road, Unnat Nagar, Goregaon West, Mumbai","None (Facebook, Swiggy, Zomato, magicpin, District and JustDial only)","The Facebook page lists a phone and email but no website, and a search for the restaurant returns only Swiggy, Zomato, magicpin, District and JustDial pages, so there is no direct place for menus, table bookings or party enquiries.",thegreendoormumbai@gmail.com,https://www.facebook.com/thegreendoorgoregaon/,drafted,,,,No official site found in search; menu cuisines per magicpin listing
oc-08,2026-09-27,Radha Restaurant & Banquets,Veg and Jain restaurant with AC banquet hall,"Blue Empress, Boraspada Road, opp. Poisar Gymkhana, Kandivali West, Mumbai",None (Facebook page and third-party venue listings only),"The Facebook page lists phone and email but no website, and the banquet hall's details appear only on third-party listings such as VenueBookingz and Weddingz, so there is no direct banquet enquiry page.",hospitalityradha@gmail.com,https://www.facebook.com/radharestaurantandbanquets,drafted,,,,Banquet hall listed on VenueBookingz and Weddingz; email also shown in search snippets for the business
oc-09,2026-09-27,Bindaas Binge,Eggless cake and pastry shop,"Film City Road, Goregaon East, Mumbai (also Andheri East and Kandivali East)","Has a website; online ordering page broken, placeholder links","On bindaasbinge.com the ""Order Now"" link goes to bindaasbinge.com/onlineorder/, which returns HTTP 500 with ""Oops! This obviously isn't a page you were looking for""; the social icons (Facebook, Twitter, Google+, Vimeo, LinkedIn) all point to the template placeholder ""https://your-link/"".",bindaasbinge@gmail.com,https://bindaasbinge.com/,drafted,,,,"Outlets in Goregaon East, Andheri East and Kandivali East (Lokhandwala Township); order@bindaasbinge.com also on site"
oc-10,2026-09-27,Dwaraka Veg Restaurant,Family-style vegetarian restaurant,"Narmada Enclave, Shimpoli Cross Road, Borivali West, Mumbai","None (Facebook page only lists address, landline and email)","Dwaraka's Facebook page lists its address, landline and email and notes dine-in, outdoor seating and in-store pickup, but links to no website, so there is no page with the menu, timings or photos.",dwarakavegrestaurant@gmail.com,https://www.facebook.com/dwarakavegrestaurant/,drafted,,,,Facebook lists landline 022 2899 9076; no website link on the page
oc-11,2026-09-27,August Cafe,"Cafe, deli, bakery and patisserie","Sundervan Complex, Lokhandwala, Andheri West, Mumbai (Instagram bio also lists Khar)",Down (hosting account suspended),"augustcafe.in, the website on August Cafe's Facebook page, redirects to /cgi-sys/suspendedpage.cgi showing ""Account Suspended. This Account has been suspended. Contact your hosting provider for more information.""",contactus@augustcafe.in,https://www.facebook.com/augustcafe.in/,drafted,,,,Bounce risk: contactus@augustcafe.in is on the suspended domain (MX points to augustcafe.in itself); only published address. Instagram bio lists Khar and Andheri
