oe-01,2026-09-27,Sandeep Interior Design (Sandeep Interior Pvt Ltd),Interior designer,"Sector 35D, Kharghar, Navi Mumbai",Down (linked domain does not resolve),"The Instagram bio of @sandeep_interior_pvt_ltd links to www.sandeepinterior.com, but a DNS lookup returns ""Non-existent domain"", so anyone tapping the link lands on an error page.",sandeepinterior05@gmail.com,https://www.facebook.com/sandeepinteriordesign/,drafted,,,,Email from Facebook page intro; Instagram bio @sandeep_interior_pvt_ltd links to www.sandeepinterior.com (NXDOMAIN via 8.8.8.8)
oe-02,2026-09-27,gn_.interiors,Interior designer and civil/interior contractor,"Kharatan Road, Thane West",Down (linked domain does not resolve),"The Links section of the gn_.interiors Facebook page points to gnconstructionandinterior.com, which returns ""Non-existent domain"" on a DNS lookup, so visitors who click it get a browser error.",gninteriors5555@gmail.com,https://www.facebook.com/gninteriors5555/about_contact_and_basic_info,drafted,,,,Email on Facebook About > Contact info; gnconstructionandinterior.com NXDOMAIN
oe-03,2026-09-27,HNY Interiors,"Interior designer (residential, modular kitchens, commercial)","Lodha Amara, Kolshet Road, Thane West","Down (certificate error, then 404)","hnyspaces.com, linked from the HNY Interiors Facebook page, shows a browser security warning (ERR_CERT_AUTHORITY_INVALID; the server presents a self-signed ""TRAEFIK DEFAULT CERT"") and, past the warning, only returns ""404 page not found"".",hnymumbai@gmail.com,https://www.facebook.com/HNYInteriorDesigner/about_contact_and_basic_info,drafted,,,,Email on Facebook About > Contact info; hnyspaces.com serves self-signed TRAEFIK DEFAULT CERT and 404
oe-04,2026-09-27,NATH INTERIOR,Interior designer and civil works contractor,"Thane (serves Thane West, Mulund West, Ghatkopar West, Vikhroli)",Down (linked domain does not resolve),"The NATH INTERIOR Facebook page links to nathinterior.com, but the domain returns ""Non-existent domain"" on DNS lookup, so the only website link on the page is dead.",subhamnath6@gmail.com,https://www.facebook.com/nathinterior/about_contact_and_basic_info,drafted,,,,Email on Facebook About > Contact info (business-listed personal gmail); nathinterior.com NXDOMAIN
oe-05,2026-09-27,Madhuban Catering Service (Purple Platte Caterers),"Caterer (pure vegetarian, banquet panel caterer)","Vashi, Navi Mumbai (serves Mumbai, Navi Mumbai, Thane)",Down (website in Facebook bio does not resolve),"The Facebook bio says ""Website : www.purpleplattecatereres.com"", but that domain does not resolve (and neither does purpleplattecaterers.com, the spelling used in their email), so there is no working website.",purpleplattecaterers@gmail.com,https://www.facebook.com/Madhubancateringservice/about_contact_and_basic_info,drafted,,,,Panel caterer at iLeaf Ritz / iLeaf Grand per Facebook bio; pin 400703
oe-06,2026-09-27,City Link Packers & Movers,Packers and movers,"Sector 15, Vashi, Navi Mumbai","Live; not mobile-friendly, broken link","On citylinkpackers.com at 390px width the homepage is 443px wide and scrolls sideways, the phone numbers are plain text rather than tap-to-call links, and the footer ""Follow Us"" Facebook link has a malformed href (""https%253A//www.facebook.com/..."") that opens a 404 page on their own site.",citylinkpackers@gmail.com,https://www.citylinkpackers.com/,drafted,,,,Email shown in site header (citylinkpackers@gmail.com); site does have a separate /Enquiry/ page
oe-07,2026-09-27,Indian pest control service,Pest control,"Koliwada, Thane East",Live; broken email link,"On indianpestcontrolservice.in the header email link is coded as ""mailto:@indianpestcontrolservice529@gmail.com"" (an extra @ before the address), so tapping it opens a message to an invalid address.",indianpestcontrolservice529@gmail.com,http://www.indianpestcontrolservice.in/,drafted,,,,Site phone (7400419602) differs from Facebook phone (094060 80529); Facebook reviews mixed
oe-08,2026-09-27,Sasindra Fototek Dombivli,"Photographer and videographer (also video editing, designing, live streaming)","Dombivli, Thane district",None (Facebook and Instagram only),"The Sasindra Fototek Facebook page lists only a phone number, email and Instagram handle, with no website, so there is no single place to see a portfolio by event type or send a dated booking enquiry.",sasindrafototek2020@gmail.com,https://www.facebook.com/sasindrafototekphotography/about_contact_and_basic_info,drafted,,,,Dombivli 421202 (Thane district)
oe-09,2026-09-27,Flywheel Car Care,"Car detailing, cleaning and restoration","Sector 42, Seawoods, Navi Mumbai",None (Facebook only),"Flywheel Car Care's Facebook page (98% recommend, 13 reviews) lists a phone, WhatsApp and email but no website, so services, prices and booking slots can only be found by messaging.",flywheelcarcare@gmail.com,https://www.facebook.com/flywheelcarcare/about_contact_and_basic_info,drafted,,,,"Facebook: 98% recommend (13 reviews); shop 3 & 4 Nilgagan Building, Sector 42, Seawoods"
oe-10,2026-09-27,Auto Doctors - Complete Car Care & Repair,Car repair garage (body shop and mechanical),"Worli Sea Face, Mumbai",None (Facebook and Google profile only),"The Auto Doctors Facebook page links only to a Google Maps profile (g.page) and lists phone, WhatsApp and email, with no website describing its body shop, restoration and accident repair services.",autodoctorsworli@gmail.com,https://www.facebook.com/autodoctors1959/about_contact_and_basic_info,drafted,,,,Facebook links only to a g.page Google profile
oe-11,2026-09-27,Bindra Caterer,Caterer and event planner,"Sanpada, Navi Mumbai",None (Facebook only),"Bindra Caterer's Facebook page (catering for marriages, birthday parties, corporate meetings and family get-togethers) lists only a phone number and email, with no website, menu or enquiry form anywhere.",bindracaterer@gmail.com,https://www.facebook.com/bindracaterer/about_contact_and_basic_info,drafted,,,,Facebook: Bindra Caterer is in Sanpada; pin 400705
oe-12,2026-09-27,Choice Tours & Travels,Travel agency and tour operator,"Target Mall, Chandavarkar Road, Borivali West, Mumbai",Live; outdated and has visible typos,"On choicegroupdn.com the Services menu reads ""Forign Exchange"" and ""Pasport Assistance"", every tour category URL is spelt ""catagory.php"", and the footer still says ""© 2016 Choice Tours & Travels"".",travels@choicegroupdn.com,https://choicegroupdn.com/,drafted,,,,MX for choicegroupdn.com = Google Workspace; Facebook also lists booking@choicegroupdn.com
oe-13,2026-09-27,I.S. Enterprises Real Estate,Real-estate broker,"Panvel, Navi Mumbai",Down (linked domain does not resolve),"The I.S. Enterprises Facebook page links to isenterprises.org, which returns ""Non-existent domain"" on DNS lookup, and flats for sale (e.g. a 2 BHK) are posted only as Facebook updates.",isrealestate666@gmail.com,https://www.facebook.com/www.isenterprise.in/about_contact_and_basic_info,drafted,,,,Panvel 410206; isenterprises.org NXDOMAIN
