of-01,2026-09-27,A'S Pet Salon,"Pet groomer (grooming, spa and boarding)","Sector 6, Kharghar, Navi Mumbai","Live; conflicting opening hours, public admin-login link and 2022 copyright in the footer","The footer of aspetsalon.in lists two different timings for every day (for example Tuesday ""9:30 AM - 8:30 PM"" and ""11:00 AM - 7:00 PM""), shows a public ""Admin Panel"" button linking to /admin/login, and still reads ""© 2022 A'S Pet Salon"".",support@aspetsalon.in,https://aspetsalon.in/,drafted,,,,Footer also shows a public Admin Panel link; site Powered by AppointSol. MX: hostinger.
of-02,2026-09-27,Planet Animal Hospital,Veterinary clinic and pet grooming,"Chestnut Plaza, opp. Edenwoods, Thane West",Free ueniweb.com builder subdomain; no phone number or clinic hours on the site,"planet-animal-hospital.ueniweb.com lists only the address and an email under ""Contact Us"", with no phone number or opening hours anywhere, and its About section is generic template copy (""our Thane -based pet clinic provide expert care to beloved pets every single year"").",shashankkamble@yahoo.com,https://planet-animal-hospital.ueniweb.com/,drafted,,,,"Vet; offer info, timings and appointment requests only. Email is the one shown on the site Contact Us section (yahoo.com, MX check exempt)."
of-03,2026-09-27,JointsnMotion,Physiotherapy clinic,"Vega, Hiranandani Estate, Ghodbunder Road, Thane West",Live (WordPress); misspelt email address shown in the footer of every page,"The footer of jointsnmotion.in (home and contact pages) displays the address as ""jointsnmotion@gmaill.com"" with an extra ""l"", so anyone who types or copies it will email the wrong domain; only the underlying mailto link uses the correct jointsnmotion@gmail.com.",jointsnmotion@gmail.com,https://jointsnmotion.in/,drafted,,,,Physio; offer info and appointment requests only. Correct address is in the mailto link.
of-04,2026-09-27,Dr. Ruchika Eye Clinic,Eye clinic (ophthalmologist),"Emerald Plaza, Hiranandani Meadows, Thane West",Live (WordPress); appointment button and footer links go nowhere; no timings,"On drruchikaeyeclinic.com the ""Book Appointment"" button and the footer service links (Retina, ""Galucoma"", Oculoplasty, ""Contaract"") all point to ""#"" and do nothing, two of those labels are misspelt, and neither the homepage nor the contact page lists clinic timings.",drruchikaeyeclinic@gmail.com,https://drruchikaeyeclinic.com/contact-us/,drafted,,,,Eye clinic; appointment requests only. Footer also hides a display:none outbound link to ilkgoogle.com (not mentioned in email).
of-05,2026-09-27,Shree Eye Hospital,Eye hospital,"Sector 3, Airoli, Navi Mumbai",Live; contradictory founding year; social icons point to generic sites; 2023 copyright,"The shreeeyehospital.com homepage header says ""Estd 1997"" while the About Us section says the hospital ""was incepted in the year 2003"", the Facebook, Instagram and YouTube icons link to the bare facebook.com, instagram.com and youtube.com home pages rather than the hospital's profiles, and the footer reads ""© 2023"".",a_bansore@yahoo.com,https://shreeeyehospital.com/,drafted,,,,Eye hospital; email is the doctor-named yahoo.com address the hospital lists for contact.
of-06,2026-09-27,Harmonics Music School & Store,Music school and instrument store,"Gandhinagar, Dombivli East, Thane district",Free Weebly subdomain with Weebly advert in the footer; no enquiry form,"The site runs on harmonicsmusicschool.weebly.com with a Weebly ""Create your own unique website with customizable templates. Get Started"" advert in the footer of every page, and its Contact page shows only the address and a plain-text phone number, with no enquiry or demo-class form.",harmonicsmusicschool@gmail.com,https://harmonicsmusicschool.weebly.com/,drafted,,,,Dombivli East (Thane district). Email from the Contact us mailto on the homepage (Cloudflare-encoded).
of-07,2026-09-27,Kross Paaws,Pet groomer and boarding,"Kolshet Road, Dhokali, Manpada, Thane West",Live; template filler testimonials; empty address and phone fields,"The krosspaaws.com homepage testimonials are template filler (""Duis aute irure dolor in repreerit in voluptate..."" credited to ""Brooklyn Simon, Designer""), and the header's ""Office Address"" and ""Phone Number"" labels on the home and contacts pages have nothing under them, so the site gives no address or phone number.",krosspaawsofficial@gmail.com,https://krosspaaws.com/contacts,drafted,,,,"Address from ThreeBestRated listing (Manpada, Thane West); site itself shows none."
of-08,2026-09-27,V2gether English Academy,"Language institute (English speaking, IELTS, PTE, German, French)","Dadar West and Borivali West, Mumbai",Live; broken internal links on the homepage,"On the v2gether.in homepage the founder's profile card (Mithilesh Dubey) links to team-details.html and the footer logo links to index.html, and both return ""404 Not Found""; the page title is also a long list of about ten ""Best Language classes in ..."" phrases.",v2getherenglishacademy@gmail.com,https://www.v2gether.in/contact,drafted,,,,Branches: Dadar West and Borivali West.
of-09,2026-09-27,TIIT Computer Education,Computer training institute,"Shanti Shopping Centre, opp. station, Mira Road East, Thane district",Old domain parked; still listed in Google search,"Google still lists course pages on tiitcomputereducation.live (e.g. the Java Full Stack and Hardware/Networking course pages and the ""Our Location"" page), but every one of those URLs now redirects to a GoDaddy domain-parking page instead of the current site at tiiteducation.com; tiiteducation.com/about-us.html, also in search results, returns ""This Page Does Not Exist"".",tiiteducation@gmail.com,https://www.tiiteducation.com/,drafted,,,,New site tiiteducation.com is live; issue is the old domain and stale indexed URLs.
of-10,2026-09-27,Swanand Pathology Laboratory,Diagnostic / pathology lab,"Parth Regency, Shivaji Path, Dombivli East, Thane district",Security certificate expired; browsers show a warning on every visit,"The Let's Encrypt certificate on swanandpathology.com expired on 2 September 2026, and because http:// visits are redirected to https://, anyone opening www.swanandpathology.com now gets a ""connection is not private"" style warning before seeing the site.",info@swanandpathology.com,https://www.swanandpathology.com/contact.html,drafted,,,,"Lab; offer public info and booking-request pages only, never reports. MX: Google + Hostinger. Cert notAfter 2026-09-02."
of-11,2026-09-27,"Carnations (preschool, day-care and activity centre)",Preschool and daycare,"Shreeram Arcade, Sector 21, Kamothe, Navi Mumbai",Live (WordPress); theme placeholder text on the teacher profiles,"On the carnations.co.in homepage, the teacher cards for Bharati, Madhuri and Tanushree each carry the theme's sample text ""A small river named Duden flows by their place and supplies it with the necessary"" plus a US phone number ""+1 (859) 254-6589"" and ""Email: info@example.com"".",carnationskids@gmail.com,https://www.carnations.co.in/,drafted,,,,Preschool and day-care in Kamothe.
of-12,2026-09-27,Dr. Gadgil Eye Hospital,Eye hospital and clinic,"Gokhale Road, Naupada and Ramchandra Nagar, Thane West",Live; copied US insurance text and misspellings in the appointment form and menu,"Below the appointment form on drgadgileyeclinic.com the page says ""If you qualify for Medicare, the costs of Eye Treatments are typically covered"" (Medicare is a US scheme), and the menu and form list ""Lasik Sugery"", ""Catract Surgery"" and ""Genral Eye Checkup"".",response@drgadgileyeclinic.com,https://www.drgadgileyeclinic.com/contact-eye-hospital.php.html,drafted,,,,Eye hospital; appointment requests only. MX: hostinger.
