ua-01,2026-09-27,That Bakery LLC,"Home bakery (custom pastries, cakes, cookies; weekly pastry pickups)","Milford, Michigan, USA","none (Facebook, Instagram and a third-party Simply Bread ordering page only)","The Facebook page's only link is the third-party ordering page app.simply-bread.co/thatbakery; there is no website of the bakery's own showing its Milford, White Lake and Hartland pickup spots or a custom-order form.",thatbakerybakes@gmail.com,https://www.facebook.com/itsthatbakery/,drafted-needs-address,,,,Email listed in Facebook Contact info and in a pinned post for custom orders; web search found no own website.
ua-02,2026-09-27,Heartfelt Baker LLC,Home bakery (custom cakes),"Huntersville, North Carolina, USA",none (Facebook page only),"The Facebook page lists only an email and no website, and heartfeltbaker.com does not resolve, so there is no page showing her cake designs or an order request form.",heartfeltbaker@gmail.com,https://www.facebook.com/heartfeltbaker/,drafted-needs-address,,,,Email in Facebook Contact info; FB lists no website; heartfeltbaker.com has no DNS.
ua-03,2026-09-27,Sweet Dreams Bakery of Dunn (Inspirational Grounds LLC),"Bakery and cupcake shop (custom cakes, coffee, special-diet treats)","Dunn, North Carolina, USA","not mobile-friendly, no HTTPS, menu as images","The site linked from Facebook, inspirationalgrounds.com, is a fixed-width page with no mobile layout, does not load over https, and its Menu page shows the items only as images.",inspirationalgroundsllc@gmail.com,https://www.facebook.com/sweetdreamsbakerydunn/,drafted-needs-address,,,,"Email in Facebook Contact info; site has no viewport tag, https connection resets, MENU.htm has ~28 images and no menu text."
ua-04,2026-09-27,Sinfully Delicious Custom Bakery,"Custom bakery (cakes, cookies)","Lexington, North Carolina, USA",website link redirects to an unrelated gambling site,"The website link on the Facebook page, sinfully-delicious.com, currently redirects to an unrelated online slot/gambling site instead of the bakery.",ask.sdcb@gmail.com,https://www.facebook.com/SinfullyDeliciousCustomBakery/about_contact_and_basic_info,drafted-needs-address,,,,Email in Facebook About > Contact info; sinfully-delicious.com 301-redirects to a1nashvilletransmission.com (slot site title).
ua-05,2026-09-27,The Well Cafe,Dedicated gluten-free cafe and coffee shop,"Seville, Ohio, USA",none (Facebook page and third-party listings only),"The Facebook page lists hours, phone and email but no website, so the fully gluten-free menu, Sunday pizza hours and bread ordering are only on Facebook and third-party listings.",thewellcafe44273@gmail.com,https://www.facebook.com/p/The-Well-Cafe-61552184163022/,drafted-needs-address,,,,"Email in Facebook Contact info; web search shows only directory/aggregator pages (res-menu.net, Yelp, findmeglutenfree)."
ua-06,2026-09-27,It's A Guy Thing Food Truck,Food truck and catering,"Goodyear, Arizona, USA",placeholder page (domain shows only 'Coming Soon'),"The domain itsaguythingfoodtruck.com shows only a GoDaddy 'Coming Soon' placeholder, and the Facebook page links to StreetFoodFinder instead of a site of its own.",itsaguythingfoodtruck@gmail.com,https://www.facebook.com/itsaguythingfood/,drafted-needs-address,,,,Email in Facebook Contact info; itsaguythingfoodtruck.com body text is only 'Coming Soon' (GoDaddy Website Builder).
ua-07,2026-09-27,Gigi's Fusion Food Truck,Food truck (Mexican and Peruvian food),"Tucson, Arizona, USA",down (linked domain does not resolve),"The website link on the Facebook page, gigisfusion.com, does not load because the domain no longer resolves in DNS.",gigismexicanfood@gmail.com,https://www.facebook.com/GigisFusion,drafted-needs-address,,,,Email in Facebook Contact info; nslookup gigisfusion.com returns Non-existent domain; page active (event posted Sep 24).
ua-08,2026-09-27,Des Cakes & Ice Cream,Bakery and ice cream shop,"Saranac, Michigan, USA",none (Facebook page only),"The Facebook page lists phone, email and address but no website, so the ice cream flavors, bakery case and custom cake ordering are only visible in Facebook posts.",descakesdesserts@gmail.com,https://www.facebook.com/descakesdesserts/,drafted-needs-address,,,,"Email in Facebook Contact info; web search shows only Yelp, Roadtrippers and aggregator listings."
ua-09,2026-09-27,Isaacs Bakery,"Bakery and deli (sandwiches, soups, baked goods)","Bainbridge, Georgia, USA",none (Facebook page and directory listings only),"The Facebook page lists phone, email and address but no website, so the menu, hours and nearly century-long history exist only on Facebook and third-party listings.",isaacsbakery18@gmail.com,https://www.facebook.com/itsmityfine/,drafted-needs-address,,,,"Email in Facebook Contact info; web search shows Tripadvisor, Yelp, SinglePlatform, chamber and visitor-bureau listings, no own site."
ua-10,2026-09-27,Sweet T's Bakery,"Cottage bakery (custom cakes, vegan and gluten-free options)","Newnan, Georgia, USA",none (Facebook page only),"The Facebook page lists phone and email but no website, and bookings (September booked, limited October/November dates) are announced only in Facebook posts.",sweettsbakery1@gmail.com,https://www.facebook.com/Sweettsbakery1/,drafted-needs-address,,,,"Email in Facebook Contact info; web search shows Yelp, Thumbtack, Groupon and Yellow Pages only."
ua-11,2026-09-27,Lulamae's Cajun Cuisine,Cajun restaurant and food truck (catering),"Temple, Texas, USA","none (Facebook, DoorDash and directory listings only)","The Facebook page lists phone and email but no website, so the Canyon Creek restaurant hours, menu, truck event schedule and private catering requests have no home of their own.",lulamaescc@gmail.com,https://www.facebook.com/LulamaesCC/,drafted-needs-address,,,,"Email in Facebook Contact info; web search shows DoorDash, Yelp, Nextdoor and an auto-generated goto-where page, no own site."
ua-12,2026-09-27,The Bakery Next Door,"Bakery and espresso (donuts, pastries)","Tillamook, Oregon, USA",none (Facebook page and visitor directories only),"The Facebook page lists hours, address and email but no website, so coast visitors can only find the bakery through Facebook and tourism directory listings.",thebakerynextdoor22@gmail.com,https://www.facebook.com/p/The-Bakery-Next-Door-100083620980352/,drafted-needs-address,,,,"Email in Facebook Contact info; web search shows Travel Oregon, Oregon Coast Visitors Association, chamber and Yelp listings, no own site."
ua-13,2026-09-27,Seguin Donuts and Kolachese,Donut and kolache shop,"Seguin, Texas, USA",none (Facebook page and directory listings only),"The Facebook page lists phone, address and a contact email but no website, so the menu of donuts, kolaches and croissants and the daily 5 am to 1 pm hours appear only on Facebook and third-party listings.",kevinfavorit@yahoo.com,https://www.facebook.com/p/Seguin-Donuts-and-Kolachese-100052439925721/,drafted-needs-address,,,,"Email is the one listed in the business's Facebook Contact info (yahoo.com); web search shows Yelp, Tripadvisor and Visit Seguin listings, no own site."
