ub-01,2026-09-27,Lawn Solutions LLC,"Lawn care (fertilization, weed control, aeration)","Kiel, Wisconsin, USA",not mobile-friendly,"lawnsolutionsllc.com is a fixed table layout with no mobile viewport tag and GIF-image headings, and its Contact page lists only a phone number and email with no estimate request form.",lawnsolutions77@gmail.com,http://www.lawnsolutionsllc.com/contact_us_10.html,drafted-needs-address,,,,"Email published on own website contact page; also in Kiel Area Association of Commerce listing. Gmail, no MX check needed."
ub-02,2026-09-27,Moonlight Lawn and Landscape LLC,Lawn care and landscaping,"Kiel, Wisconsin, USA",none (Facebook page only),"The business has only a Facebook page, whose About section lists services, phone and email but no website, and search shows no site for it (only Facebook, HomeAdvisor and the Kiel chamber listing).",moonlightlawnandlandscape@gmail.com,https://www.facebook.com/profile.php?id=100063644163674&sk=directory_contact_info,drafted-needs-address,,,,Email on Facebook About (contact info) and Kiel chamber lawn-care listing. Gmail.
ub-03,2026-09-27,Jordan Plumbing Company,Plumber,"Martin, Tennessee, USA","outdated template, not mobile-friendly","jordanplumbingtn.com is locked to a 1024px desktop width (viewport width=1024) and its footer still shows builder placeholder text, ""7944 Fake Ave, Door 56, Wonderland, NYC 12347"" with fake phone numbers, beneath the real address.",jordanplumbingTN@yahoo.com,https://jordanplumbingtn.com/,drafted-needs-address,,,,"Email published on own website footer; also in Weakley County Chamber plumbing listing. Yahoo, no MX check needed."
ub-04,2026-09-27,Applying Pressure,Pressure washing,"Johnson City, Tennessee, USA",none (Facebook and Yelp only),"The Facebook page's website field points to a g.co Google shortcut rather than a site, and search turns up only the Facebook page and a Yelp listing for the business.",tyrusm777@gmail.com,https://www.facebook.com/ApplyingPressureTriCities/directory_contact_info,drafted-needs-address,,,,Email on Facebook About (contact info) as the business contact. Gmail. Yelp shows a different phone (423-440-1005).
ub-05,2026-09-27,Pro Cut Lawn Care,Lawn care,"Hutchinson, Kansas, USA","live, with template placeholder text","The header of mowks.com (home and contact pages) still shows Squarespace placeholder text ""Street Address City, State, Zip"" and ""Your Custom Text Here"", and the Contact page has no estimate request form.",eric.pclc@gmail.com,http://www.mowks.com/contact,drafted-needs-address,,,,Email published on own website and on Facebook About. Gmail.
ub-06,2026-09-27,Lovett Lawn Care,Lawn care,"Salina, Kansas, USA",none (Facebook page only),"The business has only a Facebook page, with services, phone and email in its About section and no website listed; search shows only Facebook and directory listings (Yelp, BBB, Yellow Pages).",luvslwn83@gmail.com,https://www.facebook.com/luvslwn/directory_contact_info,drafted-needs-address,,,,Email on Facebook About (contact info). Gmail.
ub-07,2026-09-27,Helping Hands Handyman,Handyman,"Loveland, Colorado, USA",down (domain no longer registered),"The website linked from its Facebook page, helpinghandsloveland.com, does not resolve (non-existent domain in DNS and no registry record), so visitors who click it hit an error.",helpinghandsloveland@gmail.com,https://www.facebook.com/helpinghandshandymanloveland/directory_contact_info,drafted-needs-address,,,,Email on Facebook About (contact info). Gmail. Domain checked with nslookup and Verisign RDAP (not found).
ub-08,2026-09-27,NoCo HandyMan Services LLC,Handyman,"Loveland, Colorado, USA",none (Facebook page only),"The Facebook page has a Book Now button, phone and email but no website listed, and a search for the name returns several other similarly named NoCo handyman companies but no site for this one.",mattwalkowicz@gmail.com,https://www.facebook.com/NoCoHandymanLLC/directory_contact_info,drafted-needs-address,,,,"Email on Facebook About (contact info); it is the owner's name-based Gmail, but it is the address the business lists for contact."
ub-09,2026-09-27,BP Mobile Detailing & Pressure Washing,Mobile auto detailing and pressure washing,"Ocala, Florida, USA",broken (Wix domain connection error),"bpmobiledetailing.com, linked from the Facebook page, returns a Wix ""ConnectYourDomain Error"" 404 page instead of a website.",bpmobile@ymail.com,https://www.facebook.com/bpmobiledpw/directory_contact_info,drafted-needs-address,,,,Email on Facebook About (contact info). ymail.com is Yahoo; MX confirmed (yahoodns.net).
ub-10,2026-09-27,Aqua Force,Pressure washing and soft washing,"Panama City, Florida, USA",none (domain redirects to Facebook),"gettheforce.com, listed on its Facebook page, simply redirects to the Facebook page, so there is no site with services, service area or a quote form.",aquaforcefl@gmail.com,https://www.facebook.com/gettheforce/directory_contact_info,drafted-needs-address,,,,Email on Facebook About (contact info). Gmail.
ub-11,2026-09-27,Susie Q Cleaning LLC,House and commercial cleaning,"Poplar Bluff, Missouri, USA",none (Facebook page only),"The Facebook page says ""Call, Text, or Email for an estimate"" but lists no website, and search shows only the Facebook page for this cleaning business.",susieqcleaningpb@gmail.com,https://www.facebook.com/SusieQCleaning/directory_contact_info,drafted-needs-address,,,,Email on Facebook About (contact info). Gmail. Page phone uses a 417 area code.
ub-12,2026-09-27,Affordable Roofing & Construction LLC,Roofing contractor,"Lewistown, Pennsylvania, USA",none (Facebook page only),"The Facebook page (1 West 4th Street, Lewistown) lists roofing, siding and gutter services with phone and email but no website, and a search for the business name returns other Lewistown roofers instead.",mikeclark17044@gmail.com,https://www.facebook.com/profile.php?id=100057439270138&sk=directory_contact_info,drafted-needs-address,,,,"Email on Facebook About (contact info); owner's name-based Gmail, but it is the address the business lists for contact. Page activity looks sparse (visible post comments about 6 years old)."
